<?xml version="1.0" encoding="UTF-8"?><?xml-stylesheet type='text/xsl' href='_UpgradeReport_Files/UpgradeReport.xslt'?><UpgradeLog>
<Properties><Property Name="Solution" Value="DesktopAlertSample">
</Property><Property Name="Solution File" Value="D:\FacebookMessanger\DesktopAlertSample\DesktopAlertSample.sln">
</Property><Property Name="User Options File" Value="D:\FacebookMessanger\DesktopAlertSample\DesktopAlertSample.suo">
</Property><Property Name="Date" Value="Tuesday, March 08, 2011">
</Property><Property Name="Time" Value="15:19 PM">
</Property></Properties><Event ErrorLevel="0" Project="" Source="DesktopAlertSample.sln" Description="File successfully backed up as D:\FacebookMessanger\DesktopAlertSample\Backup\DesktopAlertSample.sln">
</Event><Event ErrorLevel="0" Project="" Source="DesktopAlertSample.suo" Description="File successfully backed up as D:\FacebookMessanger\DesktopAlertSample\Backup\DesktopAlertSample.suo">
</Event><Event ErrorLevel="0" Project="DesktopAlert" Source="DesktopAlert\DesktopAlert.csproj" Description="Project file successfully backed up as D:\FacebookMessanger\DesktopAlertSample\Backup\DesktopAlert\DesktopAlert.csproj">
</Event><Event ErrorLevel="0" Project="DesktopAlert" Source="DesktopAlert\DesktopAlertBase.cs" Description="File successfully backed up as D:\FacebookMessanger\DesktopAlertSample\Backup\DesktopAlert\DesktopAlertBase.cs">
</Event><Event ErrorLevel="0" Project="DesktopAlert" Source="DesktopAlert\Properties\AssemblyInfo.cs" Description="File successfully backed up as D:\FacebookMessanger\DesktopAlertSample\Backup\DesktopAlert\Properties\AssemblyInfo.cs">
</Event><Event ErrorLevel="0" Project="DesktopAlert" Source="DesktopAlert\Properties\Resources.Designer.cs" Description="File successfully backed up as D:\FacebookMessanger\DesktopAlertSample\Backup\DesktopAlert\Properties\Resources.Designer.cs">
</Event><Event ErrorLevel="0" Project="DesktopAlert" Source="DesktopAlert\Properties\Settings.Designer.cs" Description="File successfully backed up as D:\FacebookMessanger\DesktopAlertSample\Backup\DesktopAlert\Properties\Settings.Designer.cs">
</Event><Event ErrorLevel="0" Project="DesktopAlert" Source="DesktopAlert\Properties\Settings.settings" Description="File successfully backed up as D:\FacebookMessanger\DesktopAlertSample\Backup\DesktopAlert\Properties\Settings.settings">
</Event><Event ErrorLevel="0" Project="DesktopAlert" Source="DesktopAlert\Properties\Resources.resx" Description="File successfully backed up as D:\FacebookMessanger\DesktopAlertSample\Backup\DesktopAlert\Properties\Resources.resx">
</Event><Event ErrorLevel="0" Project="DesktopAlert" Source="DesktopAlert\Themes\Generic.xaml" Description="File successfully backed up as D:\FacebookMessanger\DesktopAlertSample\Backup\DesktopAlert\Themes\Generic.xaml">
</Event><Event ErrorLevel="0" Project="DesktopAlert" Source="DesktopAlert\DesktopAlert.csproj" Description="Project converted successfully">
</Event><Event ErrorLevel="3" Project="DesktopAlert" Source="DesktopAlert\DesktopAlert.csproj" Description="Converted">
</Event><Event ErrorLevel="0" Project="SandboxApplication" Source="SandboxApplication\SandboxApplication.csproj" Description="Project file successfully backed up as D:\FacebookMessanger\DesktopAlertSample\Backup\SandboxApplication\SandboxApplication.csproj">
</Event><Event ErrorLevel="0" Project="SandboxApplication" Source="SandboxApplication\App.xaml.cs" Description="File successfully backed up as D:\FacebookMessanger\DesktopAlertSample\Backup\SandboxApplication\App.xaml.cs">
</Event><Event ErrorLevel="0" Project="SandboxApplication" Source="SandboxApplication\Window1.xaml.cs" Description="File successfully backed up as D:\FacebookMessanger\DesktopAlertSample\Backup\SandboxApplication\Window1.xaml.cs">
</Event><Event ErrorLevel="0" Project="SandboxApplication" Source="SandboxApplication\Alerts\ImageAlert.xaml.cs" Description="File successfully backed up as D:\FacebookMessanger\DesktopAlertSample\Backup\SandboxApplication\Alerts\ImageAlert.xaml.cs">
</Event><Event ErrorLevel="0" Project="SandboxApplication" Source="SandboxApplication\Alerts\SimpleAlert.xaml.cs" Description="File successfully backed up as D:\FacebookMessanger\DesktopAlertSample\Backup\SandboxApplication\Alerts\SimpleAlert.xaml.cs">
</Event><Event ErrorLevel="0" Project="SandboxApplication" Source="SandboxApplication\Properties\AssemblyInfo.cs" Description="File successfully backed up as D:\FacebookMessanger\DesktopAlertSample\Backup\SandboxApplication\Properties\AssemblyInfo.cs">
</Event><Event ErrorLevel="0" Project="SandboxApplication" Source="SandboxApplication\Properties\Resources.Designer.cs" Description="File successfully backed up as D:\FacebookMessanger\DesktopAlertSample\Backup\SandboxApplication\Properties\Resources.Designer.cs">
</Event><Event ErrorLevel="0" Project="SandboxApplication" Source="SandboxApplication\Properties\Settings.Designer.cs" Description="File successfully backed up as D:\FacebookMessanger\DesktopAlertSample\Backup\SandboxApplication\Properties\Settings.Designer.cs">
</Event><Event ErrorLevel="0" Project="SandboxApplication" Source="SandboxApplication\Properties\Settings.settings" Description="File successfully backed up as D:\FacebookMessanger\DesktopAlertSample\Backup\SandboxApplication\Properties\Settings.settings">
</Event><Event ErrorLevel="0" Project="SandboxApplication" Source="SandboxApplication\Properties\Resources.resx" Description="File successfully backed up as D:\FacebookMessanger\DesktopAlertSample\Backup\SandboxApplication\Properties\Resources.resx">
</Event><Event ErrorLevel="0" Project="SandboxApplication" Source="SandboxApplication\App.xaml" Description="File successfully backed up as D:\FacebookMessanger\DesktopAlertSample\Backup\SandboxApplication\App.xaml">
</Event><Event ErrorLevel="0" Project="SandboxApplication" Source="SandboxApplication\Alerts\ImageAlert.xaml" Description="File successfully backed up as D:\FacebookMessanger\DesktopAlertSample\Backup\SandboxApplication\Alerts\ImageAlert.xaml">
</Event><Event ErrorLevel="0" Project="SandboxApplication" Source="SandboxApplication\Alerts\SimpleAlert.xaml" Description="File successfully backed up as D:\FacebookMessanger\DesktopAlertSample\Backup\SandboxApplication\Alerts\SimpleAlert.xaml">
</Event><Event ErrorLevel="0" Project="SandboxApplication" Source="SandboxApplication\Window1.xaml" Description="File successfully backed up as D:\FacebookMessanger\DesktopAlertSample\Backup\SandboxApplication\Window1.xaml">
</Event><Event ErrorLevel="0" Project="SandboxApplication" Source="SandboxApplication\SandboxApplication.csproj" Description="Project converted successfully">
</Event><Event ErrorLevel="3" Project="SandboxApplication" Source="SandboxApplication\SandboxApplication.csproj" Description="Converted">
</Event><Event ErrorLevel="0" Project="" Source="DesktopAlertSample.sln" Description="Solution converted successfully">
</Event><Event ErrorLevel="3" Project="" Source="DesktopAlertSample.sln" Description="Converted">
</Event><Event ErrorLevel="0" Project="DesktopAlert" Source="DesktopAlert\DesktopAlert.csproj" Description="Scan complete: Upgrade not required for project files.">
</Event><Event ErrorLevel="0" Project="SandboxApplication" Source="SandboxApplication\SandboxApplication.csproj" Description="Scan complete: Upgrade not required for project files.">
</Event></UpgradeLog>